objectid,parentid,filename,title,piece_identifier,types,score_order,part_order,part_types,historical_background,physical_notes,key,tempo,premiere_date,creator,date,date is approximate,description,arrangement,subject,location,latitude,longitude,source,box,type,format original,format,digital collection,contributing institution,language,rights,rightsstatement,display_template,object_location,image_small,image_thumb
bukvich0001,,rockmus_sketches.pdf,Rock Music,rockmus,scores;parts;,concert handwritten score;,bass;guitar;,handwritten parts;,"This piece was written to help individual students study for their Geology exam. This course was taught by Mickey Gunter at the University of Idaho. Somebody mentioned that they were going to study for this test while leaving Jazz Choir, and wanted Bukvich to write a piece to facilitate their studies. This piece was performed at Gunter's reitrement and the piece was used as an extra credit assignment in Gunter's class for years. The piece contains a many ""I vi ii V"" progressions and contextual uses of minor progressions as these were topics discussed Bukvich's First Year theory class.","The manuscripts for this work are a choir score and handwritten lead sheet for bass and guitar. Three different scores (condensed piano score, condensed choir score, and full choir score) detail the lineage of this piece's composition. The full choir score was constructed by cutting and taping segments of the score from another sheet of manuscript paper.",,,,"Bukvich, Daniel",2008,yes,"Jazz Choir piece, can be played with or without percussion accompaniment.",Jazz Choir,,"Moscow, ID",46.72583715,-117.0077854,"Professor Daniel Bukvich Composition Archive, University of Idaho Special Collections & Archives",2,Text,,application/pdf,Professor Daniel Bukvich Composition Collection,Daniel Bukvich Library,eng,"Educational use includes non-commercial use of text and images in materials for teaching and research purposes. Digital reproduction rights granted by the University of Idaho Library. For other uses beyond free use, please contact University of Idaho Library Special Collections and Archives Department.",http://rightsstatements.org/vocab/NoC-US/1.0/,compound,https://www.lib.uidaho.edu/digital/objects/bukvich/rockmus_sketches.pdf,https://www.lib.uidaho.edu/digital/objects/bukvich/small/rockmus_sketches_sm.jpg,https://www.lib.uidaho.edu/digital/objects/bukvich/thumbs/rockmus_sketches_th.jpg
,bukvich0001,rockmus_scores.pdf,,,,,,,,,,,,,,,,,,,,,,,,,,,,,,,,https://www.lib.uidaho.edu/digital/objects/bukvich/rockmus_scores.pdf,https://www.lib.uidaho.edu/digital/objects/bukvich/small/rockmus_scores_sm.jpg,https://www.lib.uidaho.edu/digital/objects/bukvich/thumbs/rockmus_scores_th.jpg
bukvich0002,,nightpoem_sketches.pdf,Night Poem,nightpoem,aux;chart;scores;sketches;parts,transposed handwritten score;,alto saxophone;tenor saxophone;baritone saxophone;flugelhorn;trumpet;trombone;piano;guitar;bass;drums;,handwritten parts;,Composed for the New Hampshire All State Jazz Band. Was asked to write a ballad for the band fest.,"This big band piece is scored for a standard 5 saxophones, 4 trumpets (plus solo flugelhorn), 4 trombones, and rhtyhm section. In addition to the arranged big band version of this piece, there are also jazz combo parts for this work.",,,,"Bukvich, Daniel",2003,yes,Jazz band or combo piece. Scored for a flugelhorn soloist.,Jazz Band; Jazz Combo,,"Moscow, ID",46.72583715,-117.0077854,"Professor Daniel Bukvich Composition Archive, University of Idaho Special Collections & Archives",8,Text,,application/pdf,Professor Daniel Bukvich Composition Collection,Daniel Bukvich Library,eng,"Educational use includes non-commercial use of text and images in materials for teaching and research purposes. Digital reproduction rights granted by the University of Idaho Library. For other uses beyond free use, please contact University of Idaho Library Special Collections and Archives Department.",http://rightsstatements.org/vocab/NoC-US/1.0/,compound,https://www.lib.uidaho.edu/digital/objects/bukvich/nightpoem_sketches.pdf,https://www.lib.uidaho.edu/digital/objects/bukvich/small/nightpoem_sketches_sm.jpg,https://www.lib.uidaho.edu/digital/objects/bukvich/thumbs/nightpoem_sketches_th.jpg
,bukvich0002,nightpoem_aux.pdf,,,,,,,,,,,,,,,,,,,,,,,,,,,,,,,,https://www.lib.uidaho.edu/digital/objects/bukvich/nightpoem_aux.pdf,https://www.lib.uidaho.edu/digital/objects/bukvich/small/nightpoem_aux_sm.jpg,https://www.lib.uidaho.edu/digital/objects/bukvich/thumbs/nightpoem_aux_th.jpg
,bukvich0002,nightpoem_chart.pdf,,,,,,,,,,,,,,,,,,,,,,,,,,,,,,,,https://www.lib.uidaho.edu/digital/objects/bukvich/nightpoem_chart.pdf,https://www.lib.uidaho.edu/digital/objects/bukvich/small/nightpoem_chart_sm.jpg,https://www.lib.uidaho.edu/digital/objects/bukvich/thumbs/nightpoem_chart_th.jpg
,bukvich0002,nightpoem_scores.pdf,,,,,,,,,,,,,,,,,,,,,,,,,,,,,,,,https://www.lib.uidaho.edu/digital/objects/bukvich/nightpoem_scores.pdf,https://www.lib.uidaho.edu/digital/objects/bukvich/small/nightpoem_scores_sm.jpg,https://www.lib.uidaho.edu/digital/objects/bukvich/thumbs/nightpoem_scores_th.jpg
,bukvich0002,nightpoem_parts.pdf,,,,,,,,,,,,,,,,,,,,,,,,,,,,,,,,https://www.lib.uidaho.edu/digital/objects/bukvich/nightpoem_parts.pdf,https://www.lib.uidaho.edu/digital/objects/bukvich/small/nightpoem_parts_sm.jpg,https://www.lib.uidaho.edu/digital/objects/bukvich/thumbs/nightpoem_parts_th.jpg
bukvich0003,,towerwinds_sketches.pdf,Tower Winds,towerwinds,aux;scores;parts;sketches,concert handwritten score;,piccolo;flute;oboe;bassoon;clarinet;bass clarinet;alto saxophone;tenor saxophone;baritone saxophone;horn;trumpet;trombone;euphonium;tuba;timpani;percussion;,handwritten parts;,"Written in dedication to Russell Peck and his ingenuity and creativity for the piece ""Cave."" This piece is meant to be memorized and staged and optionally serve as a prelude to ""Cave."" This piece has been staged multiple times by both the University of Idaho (under the direction of Robert Spevacek) and University of New Hampshire (under the direction of Andrew Boyson). Similiar to ""Cave,"" all of the parts for this work are hand copied. The exigence of this piece was spurred by Andrew Boyson, who wanted Bukvich to write this with 2 goals in mind: to encourage people to listen to ""Cave,"" and to write a piece that seemed hard to execute but was easy to produce and learn.",This concert band piece involves movement across the stage and a unique ensemble arrangement on stage.,,,,"Bukvich, Daniel",2010,yes,Wind Ensemble,Wind Ensemble,,"Moscow, ID",46.72583715,-117.0077854,"Professor Daniel Bukvich Composition Archive, University of Idaho Special Collections & Archives",12,Text,,application/pdf,Professor Daniel Bukvich Composition Collection,Daniel Bukvich Library,eng,"Educational use includes non-commercial use of text and images in materials for teaching and research purposes. Digital reproduction rights granted by the University of Idaho Library. For other uses beyond free use, please contact University of Idaho Library Special Collections and Archives Department.",http://rightsstatements.org/vocab/NoC-US/1.0/,compound,https://www.lib.uidaho.edu/digital/objects/bukvich/towerwinds_sketches.pdf,https://www.lib.uidaho.edu/digital/objects/bukvich/small/towerwinds_sketches_sm.jpg,https://www.lib.uidaho.edu/digital/objects/bukvich/thumbs/towerwinds_sketches_th.jpg
,bukvich0003,towerwinds_aux.pdf,,,,,,,,,,,,,,,,,,,,,,,,,,,,,,,,https://www.lib.uidaho.edu/digital/objects/bukvich/towerwinds_aux.pdf,https://www.lib.uidaho.edu/digital/objects/bukvich/small/towerwinds_aux_sm.jpg,https://www.lib.uidaho.edu/digital/objects/bukvich/thumbs/towerwinds_aux_th.jpg
,bukvich0003,towerwinds_scores.pdf,,,,,,,,,,,,,,,,,,,,,,,,,,,,,,,,https://www.lib.uidaho.edu/digital/objects/bukvich/towerwinds_scores.pdf,https://www.lib.uidaho.edu/digital/objects/bukvich/small/towerwinds_scores_sm.jpg,https://www.lib.uidaho.edu/digital/objects/bukvich/thumbs/towerwinds_scores_th.jpg
,bukvich0003,towerwinds_parts.pdf,,,,,,,,,,,,,,,,,,,,,,,,,,,,,,,,https://www.lib.uidaho.edu/digital/objects/bukvich/towerwinds_parts.pdf,https://www.lib.uidaho.edu/digital/objects/bukvich/small/towerwinds_parts_sm.jpg,https://www.lib.uidaho.edu/digital/objects/bukvich/thumbs/towerwinds_parts_th.jpg
bukvich0004,,agincourthymn_aux.pdf,Agincourt Hymn,agincourthymn,aux;scores;parts,concert handwritten score;,piccolo;flute;oboe;english horn;bassoon;contra bassoon;clarinet;bass clarinet;soprano saxophone;alto saxophone;tenor saxophone;baritone saxophone;trumpet;flugelhorn;trombone;euphonium;tuba;timpani;percussion;,handwritten parts;,"Written for Wind Ensemble for opening IMEA. First time. Agincourt Hymn, John Dunstable. Wanted singing, element of movement, brass section moving forward etc. Wanted to explore insane chimes writing. Jane Pasco at Butte Highschool-- played French Horn, no french horns. Writing percussion pieces. The whole middle section is Danny Boy upside down. Jane Pasco drum cadence, that's why you should have. When performed this piece, lot of rehearsal. Tenor drums. End of the piece, the entire audience stood up. Stomping tubes. ","This Wind Ensemble masterwork of Bukvich's notably replaces French Horns with Flugelhorns. All parts were handcopied by University of Idaho Alumni, Nikki Crathorne.",,,,"Bukvich, Daniel",1986-01-26,,Wind Ensemble,Wind Ensemble,,"Moscow, ID",46.72583715,-117.0077854,"Professor Daniel Bukvich Composition Archive, University of Idaho Special Collections & Archives",13,Text,,application/pdf,Professor Daniel Bukvich Composition Collection,Daniel Bukvich Library,eng;lat,"Educational use includes non-commercial use of text and images in materials for teaching and research purposes. Digital reproduction rights granted by the University of Idaho Library. For other uses beyond free use, please contact University of Idaho Library Special Collections and Archives Department.",http://rightsstatements.org/vocab/NoC-US/1.0/,compound,https://www.lib.uidaho.edu/digital/objects/bukvich/agincourthymn_aux.pdf,https://www.lib.uidaho.edu/digital/objects/bukvich/small/agincourthymn_aux_sm.jpg,https://www.lib.uidaho.edu/digital/objects/bukvich/thumbs/agincourthymn_aux_th.jpg
,bukvich0004,agincourthymn_scores.pdf,,,,,,,,,,,,,,,,,,,,,,,,,,,,,,,,https://www.lib.uidaho.edu/digital/objects/bukvich/agincourthymn_scores.pdf,https://www.lib.uidaho.edu/digital/objects/bukvich/small/agincourthymn_scores_sm.jpg,https://www.lib.uidaho.edu/digital/objects/bukvich/thumbs/agincourthymn_scores_th.jpg
,bukvich0004,agincourthymn_parts.pdf,,,,,,,,,,,,,,,,,,,,,,,,,,,,,,,,https://www.lib.uidaho.edu/digital/objects/bukvich/agincourthymn_parts.pdf,https://www.lib.uidaho.edu/digital/objects/bukvich/small/agincourthymn_parts_sm.jpg,https://www.lib.uidaho.edu/digital/objects/bukvich/thumbs/agincourthymn_parts_th.jpg
bukvich0005,,buffalojump_sketches.pdf,Buffalo Jump Ritual,buffalojump,aux;parts;scores;sketches,concert handwritten score; transposed typeset score; handwritten percussion score,piccolo;flute;oboe;bassoon;clarinet;bass clarinet;alto saxophone;tenor saxophone;baritone saxophone;horn;trumpet;trombone;baritone;tuba;timpani;percussion;,typeset parts;,"Bukvich was approached by Bill Larson to write a comission for the Montana Music Educators Association (MMEA). Larson took Bukvich on a trip south of Great Falls to the Ulm Buffalo Jump Site. In growing up in Montana, Bukvich had heard of these sites throughout his life, but this excursion with Larson was his first time visiting one. Larson and the comissioning board opted for simple percussion that could be performed by any band program in the state of Montana; therefore, no mallet percussion was utilized for this piece. In planning this piece, Larson wanted to get the All State Band to rehearse the piece at the Buffalo Jump site, but ""the band world isn't cool enough to figure out how to make that happen,"" according to Bukvich. Since its original premiere at MMEA 2000, it recieves an estimated hundereds of performances a year.","Scored for standard concert band, percussion includes timpani, rattle, sleighbells, suspended cymbal, prayer stones, wooden board, tom-tom, and bass drum.",,,,"Bukvich, Daniel",2000-08-10,,Concert Band,Concert Band,,"Moscow, ID",46.72583715,-117.0077854,"Professor Daniel Bukvich Composition Archive, University of Idaho Special Collections & Archives",13,Text,,application/pdf,Professor Daniel Bukvich Composition Collection,Daniel Bukvich Library,eng,"Educational use includes non-commercial use of text and images in materials for teaching and research purposes. Digital reproduction rights granted by the University of Idaho Library. For other uses beyond free use, please contact University of Idaho Library Special Collections and Archives Department.",http://rightsstatements.org/vocab/NoC-US/1.0/,compound,https://www.lib.uidaho.edu/digital/objects/bukvich/buffalojump_sketches.pdf,https://www.lib.uidaho.edu/digital/objects/bukvich/small/buffalojump_sketches_sm.jpg,https://www.lib.uidaho.edu/digital/objects/bukvich/thumbs/buffalojump_sketches_th.jpg
,bukvich0005,buffalojump_aux.pdf,,,,,,,,,,,,,,,,,,,,,,,,,,,,,,,,https://www.lib.uidaho.edu/digital/objects/bukvich/buffalojump_aux.pdf,https://www.lib.uidaho.edu/digital/objects/bukvich/small/buffalojump_aux_sm.jpg,https://www.lib.uidaho.edu/digital/objects/bukvich/thumbs/buffalojump_aux_th.jpg
,bukvich0005,buffalojump_parts.pdf,,,,,,,,,,,,,,,,,,,,,,,,,,,,,,,,https://www.lib.uidaho.edu/digital/objects/bukvich/buffalojump_parts.pdf,https://www.lib.uidaho.edu/digital/objects/bukvich/small/buffalojump_parts_sm.jpg,https://www.lib.uidaho.edu/digital/objects/bukvich/thumbs/buffalojump_parts_th.jpg
,bukvich0005,buffalojump_scores.pdf,,,,,,,,,,,,,,,,,,,,,,,,,,,,,,,,https://www.lib.uidaho.edu/digital/objects/bukvich/buffalojump_scores.pdf,https://www.lib.uidaho.edu/digital/objects/bukvich/small/buffalojump_scores_sm.jpg,https://www.lib.uidaho.edu/digital/objects/bukvich/thumbs/buffalojump_scores_th.jpg
bukvich0006,,flagday_sketches.pdf,Flag Day Parade,flagday,aux;scores;sketches;parts,condensed score;concert handwritten score;,piccolo;flute;oboe;bassoon;clarinet;bass clarinet;alto saxophone;tenor saxophone;baritone saxophone;horn;trumpet;trombone;euphonium;tuba;timpani;percussion;,typeset parts;,Written for 100 anniversary of the Twin Falls Municipal Band. Many composers comissioned for this event. Bukvich used this comission as an excercise to write in the style of John Phillip Souza.,,,,,"Bukvich, Daniel",,[maybe date from Facebook Group if Dan doesn't have it],Concert Band,Concert Band,,"Moscow, ID",46.72583715,-117.0077854,"Professor Daniel Bukvich Composition Archive, University of Idaho Special Collections & Archives",15,Text,,application/pdf,Professor Daniel Bukvich Composition Collection,Daniel Bukvich Library,eng,"Educational use includes non-commercial use of text and images in materials for teaching and research purposes. Digital reproduction rights granted by the University of Idaho Library. For other uses beyond free use, please contact University of Idaho Library Special Collections and Archives Department.",http://rightsstatements.org/vocab/NoC-US/1.0/,compound,https://www.lib.uidaho.edu/digital/objects/bukvich/flagday_sketches.pdf,https://www.lib.uidaho.edu/digital/objects/bukvich/small/flagday_sketches_sm.jpg,https://www.lib.uidaho.edu/digital/objects/bukvich/thumbs/flagday_sketches_th.jpg
,bukvich0006,flagday_aux.pdf,,,,,,,,,,,,,,,,,,,,,,,,,,,,,,,,https://www.lib.uidaho.edu/digital/objects/bukvich/flagday_aux.pdf,https://www.lib.uidaho.edu/digital/objects/bukvich/small/flagday_aux_sm.jpg,https://www.lib.uidaho.edu/digital/objects/bukvich/thumbs/flagday_aux_th.jpg
,bukvich0006,flagday_scores.pdf,,,,,,,,,,,,,,,,,,,,,,,,,,,,,,,,https://www.lib.uidaho.edu/digital/objects/bukvich/flagday_scores.pdf,https://www.lib.uidaho.edu/digital/objects/bukvich/small/flagday_scores_sm.jpg,https://www.lib.uidaho.edu/digital/objects/bukvich/thumbs/flagday_scores_th.jpg
,bukvich0006,flagday_parts.pdf,,,,,,,,,,,,,,,,,,,,,,,,,,,,,,,,https://www.lib.uidaho.edu/digital/objects/bukvich/flagday_parts.pdf,https://www.lib.uidaho.edu/digital/objects/bukvich/small/flagday_parts_sm.jpg,https://www.lib.uidaho.edu/digital/objects/bukvich/thumbs/flagday_parts_th.jpg
bukvich0007,,marchprelude_sketches.pdf,March Prelude to the Star Spangled Banner,marchprelude,scores;sketches;parts,concert handwritten score;transposed typeset score;,piccolo;flute;oboe;bassoon;clarinet;bass clarinet;alto saxophone;tenor saxophone;baritone saxophone;horn;trumpet;trombone;euphonium;tuba;timpani;percussion;,typeset parts;,"This was written for Grangeville Highschool, they wanted a prelude to the Star Spangled Banner. Drawing from a tradition of using Souza themes as a prelude for a performance, Bukvich composed a march that would lead the performers into the Star Spangled Banner. The content of the march is all derived from the Star Spangled Banner.",,,,,"Bukvich, Daniel",2012,yes,Concert Band,Concert Band,,"Moscow, ID",46.72583715,-117.0077854,"Professor Daniel Bukvich Composition Archive, University of Idaho Special Collections & Archives",15,Text,,application/pdf,Professor Daniel Bukvich Composition Collection,Daniel Bukvich Library,eng,"Educational use includes non-commercial use of text and images in materials for teaching and research purposes. Digital reproduction rights granted by the University of Idaho Library. For other uses beyond free use, please contact University of Idaho Library Special Collections and Archives Department.",http://rightsstatements.org/vocab/NoC-US/1.0/,compound,https://www.lib.uidaho.edu/digital/objects/bukvich/marchprelude_sketches.pdf,https://www.lib.uidaho.edu/digital/objects/bukvich/small/marchprelude_sketches_sm.jpg,https://www.lib.uidaho.edu/digital/objects/bukvich/thumbs/marchprelude_sketches_th.jpg
,bukvich0007,marchprelude_scores.pdf,,,,,,,,,,,,,,,,,,,,,,,,,,,,,,,,https://www.lib.uidaho.edu/digital/objects/bukvich/marchprelude_scores.pdf,https://www.lib.uidaho.edu/digital/objects/bukvich/small/marchprelude_scores_sm.jpg,https://www.lib.uidaho.edu/digital/objects/bukvich/thumbs/marchprelude_scores_th.jpg
,bukvich0007,marchprelude_parts.pdf,,,,,,,,,,,,,,,,,,,,,,,,,,,,,,,,https://www.lib.uidaho.edu/digital/objects/bukvich/marchprelude_parts.pdf,https://www.lib.uidaho.edu/digital/objects/bukvich/small/marchprelude_parts_sm.jpg,https://www.lib.uidaho.edu/digital/objects/bukvich/thumbs/marchprelude_parts_th.jpg
bukvich0008,,hanukshep_sketches.pdf,Hanukkah Shepherd's Song,hanukshep,parts;scores;sketches,concert handwritten score;,violin;viola;violoncello;double bass;timpani;percussion;,handwritten parts;typeset parts;,All of Hannukah pieces composed by Bukvich are in a set to be performed at some point. This piece was composed for the Holiday Concert to fill a void of Hannukah music. ,,,,,"Bukvich, Daniel",,,String orchestra,String Orchestra,,"Moscow, ID",46.72583715,-117.0077854,"Professor Daniel Bukvich Composition Archive, University of Idaho Special Collections & Archives",22,Text,,application/pdf,Professor Daniel Bukvich Composition Collection,Daniel Bukvich Library,eng,"Educational use includes non-commercial use of text and images in materials for teaching and research purposes. Digital reproduction rights granted by the University of Idaho Library. For other uses beyond free use, please contact University of Idaho Library Special Collections and Archives Department.",http://rightsstatements.org/vocab/NoC-US/1.0/,compound,https://www.lib.uidaho.edu/digital/objects/bukvich/hanukshep_sketches.pdf,https://www.lib.uidaho.edu/digital/objects/bukvich/small/hanukshep_sketches_sm.jpg,https://www.lib.uidaho.edu/digital/objects/bukvich/thumbs/hanukshep_sketches_th.jpg
,bukvich0008,hanukshep_parts.pdf,,,,,,,,,,,,,,,,,,,,,,,,,,,,,,,,https://www.lib.uidaho.edu/digital/objects/bukvich/hanukshep_parts.pdf,https://www.lib.uidaho.edu/digital/objects/bukvich/small/hanukshep_parts_sm.jpg,https://www.lib.uidaho.edu/digital/objects/bukvich/thumbs/hanukshep_parts_th.jpg
,bukvich0008,hanukshep_scores.pdf,,,,,,,,,,,,,,,,,,,,,,,,,,,,,,,,https://www.lib.uidaho.edu/digital/objects/bukvich/hanukshep_scores.pdf,https://www.lib.uidaho.edu/digital/objects/bukvich/small/hanukshep_scores_sm.jpg,https://www.lib.uidaho.edu/digital/objects/bukvich/thumbs/hanukshep_scores_th.jpg
bukvich0009,,threenativesongs_sketches.pdf,Three Native Songs,threenativesongs,aux;typeset parts;sketches,handwritten score;typeset score;,violin;viola;violoncello;double bass;percussion;,handwritten parts;typeset parts;,"Commissioned by Helena, Montana for Grade School Orchestra. No melodies or inspiration from the musical history of indigenous peoples of the Americas were used, rather common themes and imagery from indigenous peoples of the Northwest United states inspired the piece.",,,,,"Bukvich, Daniel",,,Concert band,Concert Band,,"Moscow, ID",46.72583715,-117.0077854,"Professor Daniel Bukvich Composition Archive, University of Idaho Special Collections & Archives",23,Text,,application/pdf,Professor Daniel Bukvich Composition Collection,Daniel Bukvich Library,eng,"Educational use includes non-commercial use of text and images in materials for teaching and research purposes. Digital reproduction rights granted by the University of Idaho Library. For other uses beyond free use, please contact University of Idaho Library Special Collections and Archives Department.",http://rightsstatements.org/vocab/NoC-US/1.0/,compound,https://www.lib.uidaho.edu/digital/objects/bukvich/threenativesongs_sketches.pdf,https://www.lib.uidaho.edu/digital/objects/bukvich/small/threenativesongs_sketches_sm.jpg,https://www.lib.uidaho.edu/digital/objects/bukvich/thumbs/threenativesongs_sketches_th.jpg
,bukvich0009,threenativesongs_scores.pdf,,,,,,,,,,,,,,,,,,,,,,,,,,,,,,,,https://www.lib.uidaho.edu/digital/objects/bukvich/threenativesongs_scores.pdf,https://www.lib.uidaho.edu/digital/objects/bukvich/small/threenativesongs_scores_sm.jpg,https://www.lib.uidaho.edu/digital/objects/bukvich/thumbs/threenativesongs_scores_th.jpg
,bukvich0009,threenativesongs_aux.pdf,,,,,,,,,,,,,,,,,,,,,,,,,,,,,,,,https://www.lib.uidaho.edu/digital/objects/bukvich/threenativesongs_aux.pdf,https://www.lib.uidaho.edu/digital/objects/bukvich/small/threenativesongs_aux_sm.jpg,https://www.lib.uidaho.edu/digital/objects/bukvich/thumbs/threenativesongs_aux_th.jpg
,bukvich0009,threenativesongs_parts.pdf,,,,,,,,,,,,,,,,,,,,,,,,,,,,,,,,https://www.lib.uidaho.edu/digital/objects/bukvich/threenativesongs_parts.pdf,https://www.lib.uidaho.edu/digital/objects/bukvich/small/threenativesongs_parts_sm.jpg,https://www.lib.uidaho.edu/digital/objects/bukvich/thumbs/threenativesongs_parts_th.jpg
bukvich0010,,fivefanttoneag_sketches.pdf,Five Fantasies on the Tones A & G for Brass Quintet,fivefanttoneag,scores;sketches;parts,handwritten score;typeset score;,trumpet;horn;trombone;tuba;,typeset parts;,"Written for Al Gimberling, the piece is based off his initials ""A & G."" The spelling of the 4th movement is a hymn but was referring to him, Al Gimberling. During the first rehearsal of this piece, Al was recorded to have broken into tears from the content of the 4th movement. ",,,,,"Bukvich, Daniel",2019,yes,Brass quintet,Brass Quintet,,"Moscow, ID",46.72583715,-117.0077854,"Professor Daniel Bukvich Composition Archive, University of Idaho Special Collections & Archives",24,Text,,application/pdf,Professor Daniel Bukvich Composition Collection,Daniel Bukvich Library,eng,"Educational use includes non-commercial use of text and images in materials for teaching and research purposes. Digital reproduction rights granted by the University of Idaho Library. For other uses beyond free use, please contact University of Idaho Library Special Collections and Archives Department.",http://rightsstatements.org/vocab/NoC-US/1.0/,compound,https://www.lib.uidaho.edu/digital/objects/bukvich/fivefanttoneag_sketches.pdf,https://www.lib.uidaho.edu/digital/objects/bukvich/small/fivefanttoneag_sketches_sm.jpg,https://www.lib.uidaho.edu/digital/objects/bukvich/thumbs/fivefanttoneag_sketches_th.jpg
,bukvich0010,fivefanttoneag_scores.pdf,,,,,,,,,,,,,,,,,,,,,,,,,,,,,,,,https://www.lib.uidaho.edu/digital/objects/bukvich/fivefanttoneag_scores.pdf,https://www.lib.uidaho.edu/digital/objects/bukvich/small/fivefanttoneag_scores_sm.jpg,https://www.lib.uidaho.edu/digital/objects/bukvich/thumbs/fivefanttoneag_scores_th.jpg
,bukvich0010,fivefanttoneag_parts.pdf,,,,,,,,,,,,,,,,,,,,,,,,,,,,,,,,https://www.lib.uidaho.edu/digital/objects/bukvich/fivefanttoneag_parts.pdf,https://www.lib.uidaho.edu/digital/objects/bukvich/small/fivefanttoneag_parts_sm.jpg,https://www.lib.uidaho.edu/digital/objects/bukvich/thumbs/fivefanttoneag_parts_th.jpg
bukvich0011,,harmdusoir_sketches.pdf,Harmonie du soir,harmdusoir,scores;parts;sketches;aux,handwritten score;typeset score;,violin;piano;,typeset parts;,"Written for Emily Benjamin, a music and french major at the University of Idaho. She asked for a piece that she could play and sing. Benjamin picked a poem by Charles Baudelaire that Bukvich then adapted for this piece. This piece has also been performed by University of Idaho faculty members, Eneida Larti and Giselle Hillyer.  ",,,,,"Bukvich, Daniel",2013,yes,Solo violin and piano,Solo violin and piano,,"Moscow, ID",46.72583715,-117.0077854,"Professor Daniel Bukvich Composition Archive, University of Idaho Special Collections & Archives",24,Text,,application/pdf,Professor Daniel Bukvich Composition Collection,Daniel Bukvich Library,eng;fra,"Educational use includes non-commercial use of text and images in materials for teaching and research purposes. Digital reproduction rights granted by the University of Idaho Library. For other uses beyond free use, please contact University of Idaho Library Special Collections and Archives Department.",http://rightsstatements.org/vocab/NoC-US/1.0/,compound,https://www.lib.uidaho.edu/digital/objects/bukvich/harmdusoir_sketches.pdf,https://www.lib.uidaho.edu/digital/objects/bukvich/small/harmdusoir_sketches_sm.jpg,https://www.lib.uidaho.edu/digital/objects/bukvich/thumbs/harmdusoir_sketches_th.jpg
,bukvich0011,harmdusoir_aux.pdf,,,,,,,,,,,,,,,,,,,,,,,,,,,,,,,,https://www.lib.uidaho.edu/digital/objects/bukvich/harmdusoir_aux.pdf,https://www.lib.uidaho.edu/digital/objects/bukvich/small/harmdusoir_aux_sm.jpg,https://www.lib.uidaho.edu/digital/objects/bukvich/thumbs/harmdusoir_aux_th.jpg
,bukvich0011,harmdusoir_parts.pdf,,,,,,,,,,,,,,,,,,,,,,,,,,,,,,,,https://www.lib.uidaho.edu/digital/objects/bukvich/harmdusoir_parts.pdf,https://www.lib.uidaho.edu/digital/objects/bukvich/small/harmdusoir_parts_sm.jpg,https://www.lib.uidaho.edu/digital/objects/bukvich/thumbs/harmdusoir_parts_th.jpg
,bukvich0011,harmdusoir_scores.pdf,,,,,,,,,,,,,,,,,,,,,,,,,,,,,,,,https://www.lib.uidaho.edu/digital/objects/bukvich/harmdusoir_scores.pdf,https://www.lib.uidaho.edu/digital/objects/bukvich/small/harmdusoir_scores_sm.jpg,https://www.lib.uidaho.edu/digital/objects/bukvich/thumbs/harmdusoir_scores_th.jpg
bukvich0012,,halfsongsaxpiano_sketches.pdf,Thee and One-Half Songs for Alto Saxophone and Piano,halfsongsaxpiano,aux;scores;parts;typeset parts;sketches,handwritten score;typeset score;,alto saxophone;piano;,typeset parts;,Commission from Vanessa Sielert for her album Duality with Catherine Anderson. The final half song notably uses tin foil in the end of the saxophone bell.,,,,,"Bukvich, Daniel",2020,yes,Solo alto saxophone and piano,Solo alto saxophone and piano,,"Moscow, ID",46.72583715,-117.0077854,"Professor Daniel Bukvich Composition Archive, University of Idaho Special Collections & Archives",25,Text,,application/pdf,Professor Daniel Bukvich Composition Collection,Daniel Bukvich Library,eng,"Educational use includes non-commercial use of text and images in materials for teaching and research purposes. Digital reproduction rights granted by the University of Idaho Library. For other uses beyond free use, please contact University of Idaho Library Special Collections and Archives Department.",http://rightsstatements.org/vocab/NoC-US/1.0/,compound,https://www.lib.uidaho.edu/digital/objects/bukvich/halfsongsaxpiano_sketches.pdf,https://www.lib.uidaho.edu/digital/objects/bukvich/small/halfsongsaxpiano_sketches_sm.jpg,https://www.lib.uidaho.edu/digital/objects/bukvich/thumbs/halfsongsaxpiano_sketches_th.jpg
,bukvich0012,halfsongsaxpiano_aux.pdf,,,,,,,,,,,,,,,,,,,,,,,,,,,,,,,,https://www.lib.uidaho.edu/digital/objects/bukvich/halfsongsaxpiano_aux.pdf,https://www.lib.uidaho.edu/digital/objects/bukvich/small/halfsongsaxpiano_aux_sm.jpg,https://www.lib.uidaho.edu/digital/objects/bukvich/thumbs/halfsongsaxpiano_aux_th.jpg
,bukvich0012,halfsongsaxpiano_parts.pdf,,,,,,,,,,,,,,,,,,,,,,,,,,,,,,,,https://www.lib.uidaho.edu/digital/objects/bukvich/halfsongsaxpiano_parts.pdf,https://www.lib.uidaho.edu/digital/objects/bukvich/small/halfsongsaxpiano_parts_sm.jpg,https://www.lib.uidaho.edu/digital/objects/bukvich/thumbs/halfsongsaxpiano_parts_th.jpg
,bukvich0012,halfsongsaxpiano_scores.pdf,,,,,,,,,,,,,,,,,,,,,,,,,,,,,,,,https://www.lib.uidaho.edu/digital/objects/bukvich/halfsongsaxpiano_scores.pdf,https://www.lib.uidaho.edu/digital/objects/bukvich/small/halfsongsaxpiano_scores_sm.jpg,https://www.lib.uidaho.edu/digital/objects/bukvich/thumbs/halfsongsaxpiano_scores_th.jpg
bukvich0013,,sonataflpno_sketches.pdf,Sonata for Flute and Piano,sonataflpno,parts;scores;sketches,handwritten score;typeset score;,flute;piano;,typeset parts;,Written for two students Kristen McMullen and Sarah Simpkins for their senior recital. ,,,,,"Bukvich, Daniel",2005-04,yes,Solo flute and piano,Solo flute and piano,,"Moscow, ID",46.72583715,-117.0077854,"Professor Daniel Bukvich Composition Archive, University of Idaho Special Collections & Archives",25,Text,,application/pdf,Professor Daniel Bukvich Composition Collection,Daniel Bukvich Library,eng,"Educational use includes non-commercial use of text and images in materials for teaching and research purposes. Digital reproduction rights granted by the University of Idaho Library. For other uses beyond free use, please contact University of Idaho Library Special Collections and Archives Department.",http://rightsstatements.org/vocab/NoC-US/1.0/,compound,https://www.lib.uidaho.edu/digital/objects/bukvich/sonataflpno_sketches.pdf,https://www.lib.uidaho.edu/digital/objects/bukvich/small/sonataflpno_sketches_sm.jpg,https://www.lib.uidaho.edu/digital/objects/bukvich/thumbs/sonataflpno_sketches_th.jpg
,bukvich0013,sonataflpno_parts.pdf,,,,,,,,,,,,,,,,,,,,,,,,,,,,,,,,https://www.lib.uidaho.edu/digital/objects/bukvich/sonataflpno_parts.pdf,https://www.lib.uidaho.edu/digital/objects/bukvich/small/sonataflpno_parts_sm.jpg,https://www.lib.uidaho.edu/digital/objects/bukvich/thumbs/sonataflpno_parts_th.jpg
,bukvich0013,sonataflpno_scores.pdf,,,,,,,,,,,,,,,,,,,,,,,,,,,,,,,,https://www.lib.uidaho.edu/digital/objects/bukvich/sonataflpno_scores.pdf,https://www.lib.uidaho.edu/digital/objects/bukvich/small/sonataflpno_scores_sm.jpg,https://www.lib.uidaho.edu/digital/objects/bukvich/thumbs/sonataflpno_scores_th.jpg
bukvich0014,,threeakhsongs_scores.pdf,Three Anna Akhmatova Songs,threeakhsongs,scores;,handwritten concert score;,soprano;piano,,"Written for Jennifer Hudson, it uses Anna Akhmatova poems as the text material.",,,,,"Bukvich, Daniel",1996,yes,Solo voice and piano,Solo voice and piano,,"Moscow, ID",46.72583715,-117.0077854,"Professor Daniel Bukvich Composition Archive, University of Idaho Special Collections & Archives",25,Text,,application/pdf,Professor Daniel Bukvich Composition Collection,Daniel Bukvich Library,eng,"Educational use includes non-commercial use of text and images in materials for teaching and research purposes. Digital reproduction rights granted by the University of Idaho Library. For other uses beyond free use, please contact University of Idaho Library Special Collections and Archives Department.",http://rightsstatements.org/vocab/NoC-US/1.0/,pdf,https://www.lib.uidaho.edu/digital/objects/bukvich/threeakhsongs_scores.pdf,https://www.lib.uidaho.edu/digital/objects/bukvich/small/threeakhsongs_scores_sm.jpg,https://www.lib.uidaho.edu/digital/objects/bukvich/thumbs/threeakhsongs_scores_th.jpg
bukvich0015,,tptsonata_sketches.pdf,Sonata for Trumpet and Piano,tptsonata,aux;scores;sketches,handwritten concert score;,trumpet;piano,,"Brian Chin, graduate level trumpet but easy accompanist part. Orchestrated later for Wind Ensemble. ",,,,,"Bukvich, Daniel",2008-04,yes,Solo trumpet and piano,Solo trumpet and piano,,"Moscow, ID",46.72583715,-117.0077854,"Professor Daniel Bukvich Composition Archive, University of Idaho Special Collections & Archives",25,Text,,application/pdf,Professor Daniel Bukvich Composition Collection,Daniel Bukvich Library,eng,"Educational use includes non-commercial use of text and images in materials for teaching and research purposes. Digital reproduction rights granted by the University of Idaho Library. For other uses beyond free use, please contact University of Idaho Library Special Collections and Archives Department.",http://rightsstatements.org/vocab/NoC-US/1.0/,compound,https://www.lib.uidaho.edu/digital/objects/bukvich/tptsonata_sketches.pdf,https://www.lib.uidaho.edu/digital/objects/bukvich/small/tptsonata_sketches_sm.jpg,https://www.lib.uidaho.edu/digital/objects/bukvich/thumbs/tptsonata_sketches_th.jpg
,bukvich0015,tptsonata_aux.pdf,,,,,,,,,,,,,,,,,,,,,,,,,,,,,,,,https://www.lib.uidaho.edu/digital/objects/bukvich/tptsonata_aux.pdf,https://www.lib.uidaho.edu/digital/objects/bukvich/small/tptsonata_aux_sm.jpg,https://www.lib.uidaho.edu/digital/objects/bukvich/thumbs/tptsonata_aux_th.jpg
,bukvich0015,tptsonata_scores.pdf,,,,,,,,,,,,,,,,,,,,,,,,,,,,,,,,https://www.lib.uidaho.edu/digital/objects/bukvich/tptsonata_scores.pdf,https://www.lib.uidaho.edu/digital/objects/bukvich/small/tptsonata_scores_sm.jpg,https://www.lib.uidaho.edu/digital/objects/bukvich/thumbs/tptsonata_scores_th.jpg
bukvich0016,,light_sketches.pdf,Light,light,aux;scores;parts;sketches,handwritten concert score;,soprano;alto;tenor;baritone;bass,handwritten parts;typeset parts;,This Hannukah piece was written for the Holiday Concert in 2019.,,,,,"Bukvich, Daniel",2019,,Choir,Choir,,"Moscow, ID",46.72583715,-117.0077854,"Professor Daniel Bukvich Composition Archive, University of Idaho Special Collections & Archives",27,Text,,application/pdf,Professor Daniel Bukvich Composition Collection,Daniel Bukvich Library,eng,"Educational use includes non-commercial use of text and images in materials for teaching and research purposes. Digital reproduction rights granted by the University of Idaho Library. For other uses beyond free use, please contact University of Idaho Library Special Collections and Archives Department.",http://rightsstatements.org/vocab/NoC-US/1.0/,compound,https://www.lib.uidaho.edu/digital/objects/bukvich/light_sketches.pdf,https://www.lib.uidaho.edu/digital/objects/bukvich/small/light_sketches_sm.jpg,https://www.lib.uidaho.edu/digital/objects/bukvich/thumbs/light_sketches_th.jpg
,bukvich0016,light_aux.pdf,,,,,,,,,,,,,,,,,,,,,,,,,,,,,,,,https://www.lib.uidaho.edu/digital/objects/bukvich/light_aux.pdf,https://www.lib.uidaho.edu/digital/objects/bukvich/small/light_aux_sm.jpg,https://www.lib.uidaho.edu/digital/objects/bukvich/thumbs/light_aux_th.jpg
,bukvich0016,light_parts.pdf,,,,,,,,,,,,,,,,,,,,,,,,,,,,,,,,https://www.lib.uidaho.edu/digital/objects/bukvich/light_parts.pdf,https://www.lib.uidaho.edu/digital/objects/bukvich/small/light_parts_sm.jpg,https://www.lib.uidaho.edu/digital/objects/bukvich/thumbs/light_parts_th.jpg
,bukvich0016,light_scores,,,,,,,,,,,,,,,,,,,,,,,,,,,,,,,,https://www.lib.uidaho.edu/digital/objects/bukvich/light_scores,https://www.lib.uidaho.edu/digital/objects/bukvich/small/light_scores_sm.jpg,https://www.lib.uidaho.edu/digital/objects/bukvich/thumbs/light_scores_th.jpg
bukvich0017,,kineticcode_sketches.pdf,Kinetic Code,kineticcode,sketches;scores;parts;,handwritten score;typeset score;,percussion;piano;,handwritten parts;typeset parts;,"Half of the Bartok Sonata instrumentation for Piano and Percussion. One of two companion pieces for the Bartok Sonata for Two Pianos and Percussion. Written for Jennifer Coiman and Andrew Stallcop for a senior recital at the University of Idaho. Piano and percussion, as opposed to Piano with Timpani. The timpani/piano companion piece has never been composed. This piece has been played extensively around the country as a recital piece.",,,,,"Bukvich, Daniel",1990,yes,Piano and percussion,Piano and percussion,,"Moscow, ID",46.72583715,-117.0077854,"Professor Daniel Bukvich Composition Archive, University of Idaho Special Collections & Archives",29,Text,,application/pdf,Professor Daniel Bukvich Composition Collection,Daniel Bukvich Library,eng,"Educational use includes non-commercial use of text and images in materials for teaching and research purposes. Digital reproduction rights granted by the University of Idaho Library. For other uses beyond free use, please contact University of Idaho Library Special Collections and Archives Department.",http://rightsstatements.org/vocab/NoC-US/1.0/,compound,https://www.lib.uidaho.edu/digital/objects/bukvich/kineticcode_sketches.pdf,https://www.lib.uidaho.edu/digital/objects/bukvich/small/kineticcode_sketches_sm.jpg,https://www.lib.uidaho.edu/digital/objects/bukvich/thumbs/kineticcode_sketches_th.jpg
,bukvich0017,kineticcode_scores.pdf,,,,,,,,,,,,,,,,,,,,,,,,,,,,,,,,https://www.lib.uidaho.edu/digital/objects/bukvich/kineticcode_scores.pdf,https://www.lib.uidaho.edu/digital/objects/bukvich/small/kineticcode_scores_sm.jpg,https://www.lib.uidaho.edu/digital/objects/bukvich/thumbs/kineticcode_scores_th.jpg
,bukvich0017,kineticcode_parts.pdf,,,,,,,,,,,,,,,,,,,,,,,,,,,,,,,,https://www.lib.uidaho.edu/digital/objects/bukvich/kineticcode_parts.pdf,https://www.lib.uidaho.edu/digital/objects/bukvich/small/kineticcode_parts_sm.jpg,https://www.lib.uidaho.edu/digital/objects/bukvich/thumbs/kineticcode_parts_th.jpg
bukvich0018,,lullanova_aux.pdf,Lullanova,lullanova,aux;scores;parts;,handwritten score;typeset score;,,handwritten parts;,Written for Palouse Jazz Project.,,,,,"Bukvich, Daniel",,,Jazz combo,Jazz Combo,,"Moscow, ID",46.72583715,-117.0077854,"Professor Daniel Bukvich Composition Archive, University of Idaho Special Collections & Archives",30,Text,,application/pdf,Professor Daniel Bukvich Composition Collection,Daniel Bukvich Library,eng,"Educational use includes non-commercial use of text and images in materials for teaching and research purposes. Digital reproduction rights granted by the University of Idaho Library. For other uses beyond free use, please contact University of Idaho Library Special Collections and Archives Department.",http://rightsstatements.org/vocab/NoC-US/1.0/,compound,https://www.lib.uidaho.edu/digital/objects/bukvich/lullanova_aux.pdf,https://www.lib.uidaho.edu/digital/objects/bukvich/small/lullanova_aux_sm.jpg,https://www.lib.uidaho.edu/digital/objects/bukvich/thumbs/lullanova_aux_th.jpg
,bukvich0018,lullanova_parts.pdf,,,,,,,,,,,,,,,,,,,,,,,,,,,,,,,,https://www.lib.uidaho.edu/digital/objects/bukvich/lullanova_parts.pdf,https://www.lib.uidaho.edu/digital/objects/bukvich/small/lullanova_parts_sm.jpg,https://www.lib.uidaho.edu/digital/objects/bukvich/thumbs/lullanova_parts_th.jpg
,bukvich0018,lullanova_scores.pdf,,,,,,,,,,,,,,,,,,,,,,,,,,,,,,,,https://www.lib.uidaho.edu/digital/objects/bukvich/lullanova_scores.pdf,https://www.lib.uidaho.edu/digital/objects/bukvich/small/lullanova_scores_sm.jpg,https://www.lib.uidaho.edu/digital/objects/bukvich/thumbs/lullanova_scores_th.jpg
bukvich0019,,mainspring_sketches.pdf,Mainspring,mainspring,aux;sketches;parts,,,handwritten parts;,Written for Palouse Jazz Project.,,,,,"Bukvich, Daniel",,,Jazz combo,Jazz Combo,,"Moscow, ID",46.72583715,-117.0077854,"Professor Daniel Bukvich Composition Archive, University of Idaho Special Collections & Archives",30,Text,,application/pdf,Professor Daniel Bukvich Composition Collection,Daniel Bukvich Library,eng,"Educational use includes non-commercial use of text and images in materials for teaching and research purposes. Digital reproduction rights granted by the University of Idaho Library. For other uses beyond free use, please contact University of Idaho Library Special Collections and Archives Department.",http://rightsstatements.org/vocab/NoC-US/1.0/,compound,https://www.lib.uidaho.edu/digital/objects/bukvich/mainspring_sketches.pdf,https://www.lib.uidaho.edu/digital/objects/bukvich/small/mainspring_sketches_sm.jpg,https://www.lib.uidaho.edu/digital/objects/bukvich/thumbs/mainspring_sketches_th.jpg
,bukvich0019,mainspring_aux.pdf,,,,,,,,,,,,,,,,,,,,,,,,,,,,,,,,https://www.lib.uidaho.edu/digital/objects/bukvich/mainspring_aux.pdf,https://www.lib.uidaho.edu/digital/objects/bukvich/small/mainspring_aux_sm.jpg,https://www.lib.uidaho.edu/digital/objects/bukvich/thumbs/mainspring_aux_th.jpg
,bukvich0019,mainspring_parts.pdf,,,,,,,,,,,,,,,,,,,,,,,,,,,,,,,,https://www.lib.uidaho.edu/digital/objects/bukvich/mainspring_parts.pdf,https://www.lib.uidaho.edu/digital/objects/bukvich/small/mainspring_parts_sm.jpg,https://www.lib.uidaho.edu/digital/objects/bukvich/thumbs/mainspring_parts_th.jpg
bukvich0020,,movviol_sketches.pdf,Moving Violation,movviol,sketches;aux;scores;parts;,handwritten score;,,handwritten parts;,"Bukvich's student Josh Hebert asked how to play a ""train beat"" for a country band he was playing in. A student walked in and expressed that no jazz band would play those beats. This piece is a jazz piece that utilizes that train beat. At the same time, Bukvich's student, Liam Marchant, noticed some of the harmonic similiarities between ""Giant Steps"" and the bridge to ""Have You Met Miss Jones?"" in Bukvich's Jazz Theory class. The bridge of this piece is the bridge of ""Have You Met Miss Jones?""",,,,,"Bukvich, Daniel",2021,,Jazz combo,Jazz Combo,,"Moscow, ID",46.72583715,-117.0077854,"Professor Daniel Bukvich Composition Archive, University of Idaho Special Collections & Archives",30,Text,,application/pdf,Professor Daniel Bukvich Composition Collection,Daniel Bukvich Library,eng,"Educational use includes non-commercial use of text and images in materials for teaching and research purposes. Digital reproduction rights granted by the University of Idaho Library. For other uses beyond free use, please contact University of Idaho Library Special Collections and Archives Department.",http://rightsstatements.org/vocab/NoC-US/1.0/,compound,https://www.lib.uidaho.edu/digital/objects/bukvich/movviol_sketches.pdf,https://www.lib.uidaho.edu/digital/objects/bukvich/small/movviol_sketches_sm.jpg,https://www.lib.uidaho.edu/digital/objects/bukvich/thumbs/movviol_sketches_th.jpg
,bukvich0020,movviol_scores.pdf,,,,,,,,,,,,,,,,,,,,,,,,,,,,,,,,https://www.lib.uidaho.edu/digital/objects/bukvich/movviol_scores.pdf,https://www.lib.uidaho.edu/digital/objects/bukvich/small/movviol_scores_sm.jpg,https://www.lib.uidaho.edu/digital/objects/bukvich/thumbs/movviol_scores_th.jpg
,bukvich0020,movviol_aux.pdf,,,,,,,,,,,,,,,,,,,,,,,,,,,,,,,,https://www.lib.uidaho.edu/digital/objects/bukvich/movviol_aux.pdf,https://www.lib.uidaho.edu/digital/objects/bukvich/small/movviol_aux_sm.jpg,https://www.lib.uidaho.edu/digital/objects/bukvich/thumbs/movviol_aux_th.jpg
,bukvich0020,movviol_parts.pdf,,,,,,,,,,,,,,,,,,,,,,,,,,,,,,,,https://www.lib.uidaho.edu/digital/objects/bukvich/movviol_parts.pdf,https://www.lib.uidaho.edu/digital/objects/bukvich/small/movviol_parts_sm.jpg,https://www.lib.uidaho.edu/digital/objects/bukvich/thumbs/movviol_parts_th.jpg
bukvich0021,,inmemdresden_aux.pdf,In Memoriam Dresden,inmemdresden,aux;scores;parts;,handwritten score;,,handwritten parts;,,The final movement of this work notable has a city on fire embedded within the score.,,,,"Bukvich, Daniel",,,Wind ensemble,Wind Ensemble,,"Moscow, ID",46.72583715,-117.0077854,"Professor Daniel Bukvich Composition Archive, University of Idaho Special Collections & Archives",A,Text,,application/pdf,Professor Daniel Bukvich Composition Collection,Daniel Bukvich Library,eng,"Educational use includes non-commercial use of text and images in materials for teaching and research purposes. Digital reproduction rights granted by the University of Idaho Library. For other uses beyond free use, please contact University of Idaho Library Special Collections and Archives Department.",http://rightsstatements.org/vocab/NoC-US/1.0/,compound,https://www.lib.uidaho.edu/digital/objects/bukvich/inmemdresden_aux.pdf,https://www.lib.uidaho.edu/digital/objects/bukvich/small/inmemdresden_aux_sm.jpg,https://www.lib.uidaho.edu/digital/objects/bukvich/thumbs/inmemdresden_aux_th.jpg
,bukvich0021,inmemdresden_scores.pdf,,,,,,,,,,,,,,,,,,,,,,,,,,,,,,,,https://www.lib.uidaho.edu/digital/objects/bukvich/inmemdresden_scores.pdf,https://www.lib.uidaho.edu/digital/objects/bukvich/small/inmemdresden_scores_sm.jpg,https://www.lib.uidaho.edu/digital/objects/bukvich/thumbs/inmemdresden_scores_th.jpg
,bukvich0021,inmemdresden_parts.pdf,,,,,,,,,,,,,,,,,,,,,,,,,,,,,,,,https://www.lib.uidaho.edu/digital/objects/bukvich/inmemdresden_parts.pdf,https://www.lib.uidaho.edu/digital/objects/bukvich/small/inmemdresden_parts_sm.jpg,https://www.lib.uidaho.edu/digital/objects/bukvich/thumbs/inmemdresden_parts_th.jpg
bukvich0022,,ballroomportraits_sketches.pdf,Ballroom Portraits,ballroomportraits,aux;sketches;parts;scores,typeset score;,,typeset parts;,"Comissioned by family of a long time Idaho music educator, Walter Howard Snodgrass. Based on song Snodgrass wrote for his wife in the style of Amercan Song Writer, Robert Russell Bennet. The names of the movements are titled after the inventors of the following dances: The Castle Walk, Fox's Trot, The Charleston, The Motion Picture Waltz, and The Lindy Hop.",,,,,"Bukvich, Daniel",,,Wind ensemble,Wind Ensemble,,"Moscow, ID",46.72583715,-117.0077854,"Professor Daniel Bukvich Composition Archive, University of Idaho Special Collections & Archives",B,Text,,application/pdf,Professor Daniel Bukvich Composition Collection,Daniel Bukvich Library,eng,"Educational use includes non-commercial use of text and images in materials for teaching and research purposes. Digital reproduction rights granted by the University of Idaho Library. For other uses beyond free use, please contact University of Idaho Library Special Collections and Archives Department.",http://rightsstatements.org/vocab/NoC-US/1.0/,compound,https://www.lib.uidaho.edu/digital/objects/bukvich/ballroomportraits_sketches.pdf,https://www.lib.uidaho.edu/digital/objects/bukvich/small/ballroomportraits_sketches_sm.jpg,https://www.lib.uidaho.edu/digital/objects/bukvich/thumbs/ballroomportraits_sketches_th.jpg
,bukvich0022,ballroomportraits_aux.pdf,,,,,,,,,,,,,,,,,,,,,,,,,,,,,,,,https://www.lib.uidaho.edu/digital/objects/bukvich/ballroomportraits_aux.pdf,https://www.lib.uidaho.edu/digital/objects/bukvich/small/ballroomportraits_aux_sm.jpg,https://www.lib.uidaho.edu/digital/objects/bukvich/thumbs/ballroomportraits_aux_th.jpg
,bukvich0022,ballroomportraits_parts.pdf,,,,,,,,,,,,,,,,,,,,,,,,,,,,,,,,https://www.lib.uidaho.edu/digital/objects/bukvich/ballroomportraits_parts.pdf,https://www.lib.uidaho.edu/digital/objects/bukvich/small/ballroomportraits_parts_sm.jpg,https://www.lib.uidaho.edu/digital/objects/bukvich/thumbs/ballroomportraits_parts_th.jpg
,bukvich0022,ballroomportraits_scores.pdf,,,,,,,,,,,,,,,,,,,,,,,,,,,,,,,,https://www.lib.uidaho.edu/digital/objects/bukvich/ballroomportraits_scores.pdf,https://www.lib.uidaho.edu/digital/objects/bukvich/small/ballroomportraits_scores_sm.jpg,https://www.lib.uidaho.edu/digital/objects/bukvich/thumbs/ballroomportraits_scores_th.jpg
bukvich0023,,kandinsky_sketches.pdf,Meditations on Writings by Vasily Kandinsky,kandinsky,aux;scores;sketches,handwritten score;,,,"Written for Jeff Funderburk at the University of Iowa, this comission was presented with the challenge of creating a score that an audience would have an enjoyable time following along with. Each movement is based off painting conventions by Wassily Kandinsky. The work has seen hundreds of performances around the world. ",The work features many graphic pieces meant to resemble works of Kandinsky. Circular staves and uses of color within the music are integral to the piece's notation.,,,,"Bukvich, Daniel",1996,,Wind ensemble,Wind Ensemble,,"Moscow, ID",46.72583715,-117.0077854,"Professor Daniel Bukvich Composition Archive, University of Idaho Special Collections & Archives",B,Text,,application/pdf,Professor Daniel Bukvich Composition Collection,Daniel Bukvich Library,eng,"Educational use includes non-commercial use of text and images in materials for teaching and research purposes. Digital reproduction rights granted by the University of Idaho Library. For other uses beyond free use, please contact University of Idaho Library Special Collections and Archives Department.",http://rightsstatements.org/vocab/NoC-US/1.0/,compound,https://www.lib.uidaho.edu/digital/objects/bukvich/kandinsky_sketches.pdf,https://www.lib.uidaho.edu/digital/objects/bukvich/small/kandinsky_sketches_sm.jpg,https://www.lib.uidaho.edu/digital/objects/bukvich/thumbs/kandinsky_sketches_th.jpg
,bukvich0023,kandinsky_aux.pdf,,,,,,,,,,,,,,,,,,,,,,,,,,,,,,,,https://www.lib.uidaho.edu/digital/objects/bukvich/kandinsky_aux.pdf,https://www.lib.uidaho.edu/digital/objects/bukvich/small/kandinsky_aux_sm.jpg,https://www.lib.uidaho.edu/digital/objects/bukvich/thumbs/kandinsky_aux_th.jpg
,bukvich0023,kandinsky_scores.pdf,,,,,,,,,,,,,,,,,,,,,,,,,,,,,,,,https://www.lib.uidaho.edu/digital/objects/bukvich/kandinsky_scores.pdf,https://www.lib.uidaho.edu/digital/objects/bukvich/small/kandinsky_scores_sm.jpg,https://www.lib.uidaho.edu/digital/objects/bukvich/thumbs/kandinsky_scores_th.jpg
bukvich0024,,symphmovement_sketches.pdf,Symphonic Movement,symphmovement,aux;scores;parts;sketches,handwritten score;typeset score;,conductor;double bass;flute,typeset parts;,Originally comissioned for Idaho All State Band. Should be difficult and a once in a lifetime experience. Write a piece that looks unplayable for the all state band kid.,,,,,"Bukvich, Daniel",,,Wind ensemble,Wind Ensemble,,"Moscow, ID",46.72583715,-117.0077854,"Professor Daniel Bukvich Composition Archive, University of Idaho Special Collections & Archives",B,Text,,application/pdf,Professor Daniel Bukvich Composition Collection,Daniel Bukvich Library,eng,"Educational use includes non-commercial use of text and images in materials for teaching and research purposes. Digital reproduction rights granted by the University of Idaho Library. For other uses beyond free use, please contact University of Idaho Library Special Collections and Archives Department.",http://rightsstatements.org/vocab/NoC-US/1.0/,compound,https://www.lib.uidaho.edu/digital/objects/bukvich/symphmovement_sketches.pdf,https://www.lib.uidaho.edu/digital/objects/bukvich/small/symphmovement_sketches_sm.jpg,https://www.lib.uidaho.edu/digital/objects/bukvich/thumbs/symphmovement_sketches_th.jpg
,bukvich0024,symphmovement_scores.pdf,,,,,,,,,,,,,,,,,,,,,,,,,,,,,,,,https://www.lib.uidaho.edu/digital/objects/bukvich/symphmovement_scores.pdf,https://www.lib.uidaho.edu/digital/objects/bukvich/small/symphmovement_scores_sm.jpg,https://www.lib.uidaho.edu/digital/objects/bukvich/thumbs/symphmovement_scores_th.jpg
,bukvich0024,symphmovement_aux.pdf,,,,,,,,,,,,,,,,,,,,,,,,,,,,,,,,https://www.lib.uidaho.edu/digital/objects/bukvich/symphmovement_aux.pdf,https://www.lib.uidaho.edu/digital/objects/bukvich/small/symphmovement_aux_sm.jpg,https://www.lib.uidaho.edu/digital/objects/bukvich/thumbs/symphmovement_aux_th.jpg
,bukvich0024,symphmovement_parts.pdf,,,,,,,,,,,,,,,,,,,,,,,,,,,,,,,,https://www.lib.uidaho.edu/digital/objects/bukvich/symphmovement_parts.pdf,https://www.lib.uidaho.edu/digital/objects/bukvich/small/symphmovement_parts_sm.jpg,https://www.lib.uidaho.edu/digital/objects/bukvich/thumbs/symphmovement_parts_th.jpg
bukvich0025,,dedication_sketches.pdf,Dedication,dedication,aux;parts;scores;sketches,handwritten score;,soprano;alto;tenor;baritone;timpani;percussion,handwritten parts;,This Hannukah piece was written for the Holiday Concert.,,,,,"Bukvich, Daniel",,,Choir,Choir,,"Moscow, ID",46.72583715,-117.0077854,"Professor Daniel Bukvich Composition Archive, University of Idaho Special Collections & Archives",n/a,Text,,application/pdf,Professor Daniel Bukvich Composition Collection,Daniel Bukvich Library,eng,"Educational use includes non-commercial use of text and images in materials for teaching and research purposes. Digital reproduction rights granted by the University of Idaho Library. For other uses beyond free use, please contact University of Idaho Library Special Collections and Archives Department.",http://rightsstatements.org/vocab/NoC-US/1.0/,compound,https://www.lib.uidaho.edu/digital/objects/bukvich/dedication_sketches.pdf,https://www.lib.uidaho.edu/digital/objects/bukvich/small/dedication_sketches_sm.jpg,https://www.lib.uidaho.edu/digital/objects/bukvich/thumbs/dedication_sketches_th.jpg
,bukvich0025,dedication_parts.pdf,,,,,,,,,,,,,,,,,,,,,,,,,,,,,,,,https://www.lib.uidaho.edu/digital/objects/bukvich/dedication_parts.pdf,https://www.lib.uidaho.edu/digital/objects/bukvich/small/dedication_parts_sm.jpg,https://www.lib.uidaho.edu/digital/objects/bukvich/thumbs/dedication_parts_th.jpg
,bukvich0025,dedication_scores.pdf,,,,,,,,,,,,,,,,,,,,,,,,,,,,,,,,https://www.lib.uidaho.edu/digital/objects/bukvich/dedication_scores.pdf,https://www.lib.uidaho.edu/digital/objects/bukvich/small/dedication_scores_sm.jpg,https://www.lib.uidaho.edu/digital/objects/bukvich/thumbs/dedication_scores_th.jpg
,bukvich0025,dedication_aux.pdf,,,,,,,,,,,,,,,,,,,,,,,,,,,,,,,,https://www.lib.uidaho.edu/digital/objects/bukvich/dedication_aux.pdf,https://www.lib.uidaho.edu/digital/objects/bukvich/small/dedication_aux_sm.jpg,https://www.lib.uidaho.edu/digital/objects/bukvich/thumbs/dedication_aux_th.jpg
bukvich0026,,flourish_sketches.pdf,Flourish,flourish,parts;scores;sketches,handwritten score;typeset score;,piccolo;flute;oboe;bassoon;clarinet;alto saxophone;tenor saxophone;baritone saxophone;horn;trumpet;trombone;euphonium;tuba;timpani;percussion;,typeset parts;,"Written as a tribute to Bill Larson, a long time band director and music educator in Montana. This piece was comissioned by the Great Falls Symphony to be performed for Larson. This piece was comissioned upon hearing of a terminal cancer diagnosis from Larson, Larson passed from complications of COVID-19 in late January of 2022.",,,,,"Bukvich, Daniel",2022,,Wind ensemble,Wind Ensemble,,"Moscow, ID",46.72583715,-117.0077854,"Professor Daniel Bukvich Composition Archive, University of Idaho Special Collections & Archives",n/a,Text,,application/pdf,Professor Daniel Bukvich Composition Collection,Daniel Bukvich Library,eng,"Educational use includes non-commercial use of text and images in materials for teaching and research purposes. Digital reproduction rights granted by the University of Idaho Library. For other uses beyond free use, please contact University of Idaho Library Special Collections and Archives Department.",http://rightsstatements.org/vocab/NoC-US/1.0/,compound,https://www.lib.uidaho.edu/digital/objects/bukvich/flourish_sketches.pdf,https://www.lib.uidaho.edu/digital/objects/bukvich/small/flourish_sketches_sm.jpg,https://www.lib.uidaho.edu/digital/objects/bukvich/thumbs/flourish_sketches_th.jpg
,bukvich0026,flourish_parts.pdf,,,,,,,,,,,,,,,,,,,,,,,,,,,,,,,,https://www.lib.uidaho.edu/digital/objects/bukvich/flourish_parts.pdf,https://www.lib.uidaho.edu/digital/objects/bukvich/small/flourish_parts_sm.jpg,https://www.lib.uidaho.edu/digital/objects/bukvich/thumbs/flourish_parts_th.jpg
,bukvich0026,flourish_scores.pdf,,,,,,,,,,,,,,,,,,,,,,,,,,,,,,,,https://www.lib.uidaho.edu/digital/objects/bukvich/flourish_scores.pdf,https://www.lib.uidaho.edu/digital/objects/bukvich/small/flourish_scores_sm.jpg,https://www.lib.uidaho.edu/digital/objects/bukvich/thumbs/flourish_scores_th.jpg
bukvich0027,,threebrazdance_aux.pdf,Three Brazillian Dances,threebrazdance,aux;parts;scores;,handwritten score;typeset score;,flute;alto saxophone;tenor saxophone;baritone saxophone;trumpet;trombone;bass trombone;percussion;vibraphone;guitar;piano;bass;drums;,typeset parts;,"Comissioned by Leonard Garrison to be performed with various High School Jazz Ensembles in Idaho and Eastern Washington, the three movement work features Garrison on standard flute, alto flute, piccolo, and bass flute. ",,,,,"Bukvich, Daniel",2021,,Flute and jazz orchestra,Flute and jazz orchestra,,"Moscow, ID",46.72583715,-117.0077854,"Professor Daniel Bukvich Composition Archive, University of Idaho Special Collections & Archives",n/a,Text,,application/pdf,Professor Daniel Bukvich Composition Collection,Daniel Bukvich Library,eng,"Educational use includes non-commercial use of text and images in materials for teaching and research purposes. Digital reproduction rights granted by the University of Idaho Library. For other uses beyond free use, please contact University of Idaho Library Special Collections and Archives Department.",http://rightsstatements.org/vocab/NoC-US/1.0/,compound,https://www.lib.uidaho.edu/digital/objects/bukvich/threebrazdance_aux.pdf,https://www.lib.uidaho.edu/digital/objects/bukvich/small/threebrazdance_aux_sm.jpg,https://www.lib.uidaho.edu/digital/objects/bukvich/thumbs/threebrazdance_aux_th.jpg
,bukvich0027,threebrazdance_parts.pdf,,,,,,,,,,,,,,,,,,,,,,,,,,,,,,,,https://www.lib.uidaho.edu/digital/objects/bukvich/threebrazdance_parts.pdf,https://www.lib.uidaho.edu/digital/objects/bukvich/small/threebrazdance_parts_sm.jpg,https://www.lib.uidaho.edu/digital/objects/bukvich/thumbs/threebrazdance_parts_th.jpg
,bukvich0027,threebrazdance_scores.pdf,,,,,,,,,,,,,,,,,,,,,,,,,,,,,,,,https://www.lib.uidaho.edu/digital/objects/bukvich/threebrazdance_scores.pdf,https://www.lib.uidaho.edu/digital/objects/bukvich/small/threebrazdance_scores_sm.jpg,https://www.lib.uidaho.edu/digital/objects/bukvich/thumbs/threebrazdance_scores_th.jpg
bukvich0028,,warhorse_parts.pdf,Warhorse Mysticanza,warhorse,parts;scores;,typeset score;,alto saxophone;piano;,typeset parts;,"This piece was comissioned by Patrick Jones and Vanessa Sielert for the 2020 North American Saxophone Alliance Conference in Tempe, Arizona. The work is a conglomoration of three standard works in the saxophone repertoire (Aleksandr Glazanov's Concerto for Alto Saxophone, Jaques Ibert's Concertino da Camera for Alto Saxophone, and Paul Creston's Sonata for Alto Saxophone). Coined as some of the ""war horse"" pieces in the reperoire, this work was meant to serve some inside jokes to an audience of almost all saxophone players by tastefully mashing the works together.",,,,,"Bukvich, Daniel",2019,,Saxophone duo and piano,Saxophone duo and piano,,"Moscow, ID",46.72583715,-117.0077854,"Professor Daniel Bukvich Composition Archive, University of Idaho Special Collections & Archives",n/a,Text,,application/pdf,Professor Daniel Bukvich Composition Collection,Daniel Bukvich Library,eng,"Educational use includes non-commercial use of text and images in materials for teaching and research purposes. Digital reproduction rights granted by the University of Idaho Library. For other uses beyond free use, please contact University of Idaho Library Special Collections and Archives Department.",http://rightsstatements.org/vocab/NoC-US/1.0/,compound,https://www.lib.uidaho.edu/digital/objects/bukvich/warhorse_parts.pdf,https://www.lib.uidaho.edu/digital/objects/bukvich/small/warhorse_parts_sm.jpg,https://www.lib.uidaho.edu/digital/objects/bukvich/thumbs/warhorse_parts_th.jpg
,bukvich0028,warhorse_scores.pdf,,,,,,,,,,,,,,,,,,,,,,,,,,,,,,,,https://www.lib.uidaho.edu/digital/objects/bukvich/warhorse_scores.pdf,https://www.lib.uidaho.edu/digital/objects/bukvich/small/warhorse_scores_sm.jpg,https://www.lib.uidaho.edu/digital/objects/bukvich/thumbs/warhorse_scores_th.jpg